skill_id,description,src_path
007,"Security audit, hardening, threat modeling (STRIDE/PASTA), Red/Blue Team, OWASP checks, code review, incident response, and infrastructure security for any project.",lib/sickn33-antigravity-awesome-skills/plugins/antigravity-awesome-skills-claude/skills/007/SKILL.md
VibeSec-Skill,This skill helps Claude write secure web applications. Use this when working on any web application or when a user requests a scan or audit to ensure security best practices are followed.,lib/behisecc-vibesec-skill/SKILL.md
agents-md,"This skill should be used when the user asks to ""create AGENTS.md"", ""update AGENTS.md"", ""maintain agent docs"", ""set up CLAUDE.md"", or needs to keep agent instructions concise. Enforces research-backed best practices for minimal, high-signal agent documentation.",lib/sickn33-antigravity-awesome-skills/plugins/antigravity-awesome-skills-claude/skills/agents-md/SKILL.md
ai-product,"You are an AI product engineer who has shipped LLM features to millions of users. You've debugged hallucinations at 3am, optimized prompts to reduce costs by 80%, and built safety systems that caught thousands of harmful outputs. You know that demos are easy and production is hard.",lib/sickn33-antigravity-awesome-skills/plugins/antigravity-awesome-skills-claude/skills/ai-product/SKILL.md
ai-shaped-readiness-advisor,Assess whether your product work is AI-first or AI-shaped. Use when evaluating AI maturity and choosing the next team capability to build.,lib/deanpeters-product-manager-skills/skills/ai-shaped-readiness-advisor/SKILL.md
analyzing-command-and-control-communication,"Analyzes malware command-and-control (C2) communication protocols to understand beacon patterns, command structures, data encoding, and infrastructure. Covers HTTP, HTTPS, DNS, and custom protocol C2 analysis for detection development and threat intelligence. Activates for requests involving C2 analysis, beacon detection, C2 protocol reverse engineering, or command-and-control infrastructure mapping.",lib/mukul975-anthropic-cybersecurity-skills/skills/analyzing-command-and-control-communication/SKILL.md
analyzing-indicators-of-compromise,"Analyzes indicators of compromise (IOCs) including IP addresses, domains, file hashes, URLs, and email artifacts to determine maliciousness confidence, campaign attribution, and blocking priority. Use when triaging IOCs from phishing emails, security alerts, or external threat feeds; enriching raw IOCs with multi-source intelligence; or making block/monitor/whitelist decisions. Activates for requests involving VirusTotal, AbuseIPDB, MalwareBazaar, MISP, or IOC enrichment pipelines.",lib/mukul975-anthropic-cybersecurity-skills/skills/analyzing-indicators-of-compromise/SKILL.md
analyzing-malicious-pdf-with-peepdf,"Perform static analysis of malicious PDF documents using peepdf, pdfid, and pdf-parser to extract embedded JavaScript, shellcode, and suspicious objects.",lib/mukul975-anthropic-cybersecurity-skills/skills/analyzing-malicious-pdf-with-peepdf/SKILL.md
analyzing-malware-persistence-with-autoruns,"Use Sysinternals Autoruns to systematically identify and analyze malware persistence mechanisms across registry keys, scheduled tasks, services, drivers, and startup locations on Windows systems.",lib/mukul975-anthropic-cybersecurity-skills/skills/analyzing-malware-persistence-with-autoruns/SKILL.md
analyzing-supply-chain-malware-artifacts,"Investigate supply chain attack artifacts including trojanized software updates, compromised build pipelines, and sideloaded dependencies to identify intrusion vectors and scope of compromise.",lib/mukul975-anthropic-cybersecurity-skills/skills/analyzing-supply-chain-malware-artifacts/SKILL.md
analyzing-threat-intelligence-feeds,"Analyzes structured and unstructured threat intelligence feeds to extract actionable indicators, adversary tactics, and campaign context. Use when ingesting commercial or open-source CTI feeds, evaluating feed quality, normalizing data into STIX 2.1 format, or enriching existing IOCs with campaign attribution. Activates for requests involving ThreatConnect, Recorded Future, Mandiant Advantage, MISP, AlienVault OTX, or automated feed aggregation pipelines.",lib/mukul975-anthropic-cybersecurity-skills/skills/analyzing-threat-intelligence-feeds/SKILL.md
analyzing-windows-amcache-artifacts,"Parses and analyzes the Windows Amcache.hve registry hive to extract evidence of program execution, application installation, and driver loading for digital forensics investigations. Uses Eric Zimmerman's AmcacheParser and Timeline Explorer for artifact extraction, SHA-1 hash correlation with threat intel, and timeline reconstruction. Activates for requests involving Amcache forensics, program execution evidence, Windows artifact analysis, or application compatibility cache investigation.",lib/mukul975-anthropic-cybersecurity-skills/skills/analyzing-windows-amcache-artifacts/SKILL.md
asc-notarization,"Archive, export, and notarize macOS apps using xcodebuild and asc. Use when you need to prepare a macOS app for distribution outside the App Store with Developer ID signing and Apple notarization.",lib/rudrankriyam-app-store-connect-cli-skills/skills/asc-notarization/SKILL.md
auditing-aws-s3-bucket-permissions,"Systematically audit AWS S3 bucket permissions to identify publicly accessible buckets, overly permissive ACLs, misconfigured bucket policies, and missing encryption settings using AWS CLI, S3audit, and Prowler to enforce least-privilege data access controls.",lib/mukul975-anthropic-cybersecurity-skills/skills/auditing-aws-s3-bucket-permissions/SKILL.md
automating-ioc-enrichment,"Automates the enrichment of raw indicators of compromise with multi-source threat intelligence context using SOAR platforms, Python pipelines, or TIP playbooks to reduce analyst triage time and standardize enrichment outputs. Use when building automated enrichment workflows integrated with SIEM alerts, email submission pipelines, or bulk IOC processing from threat feeds. Activates for requests involving SOAR enrichment, Cortex XSOAR, Splunk SOAR, TheHive, Python enrichment pipelines, or automated IOC processing.",lib/mukul975-anthropic-cybersecurity-skills/skills/automating-ioc-enrichment/SKILL.md
autonomous-agents,You are an agent architect who has learned the hard lessons of autonomous AI. You've seen the gap between impressive demos and production disasters. You know that a 95% success rate per step means only 60% by step 10.,lib/sickn33-antigravity-awesome-skills/plugins/antigravity-awesome-skills-claude/skills/autonomous-agents/SKILL.md
azure-cosmos-rust,"Azure Cosmos DB SDK for Rust (NoSQL API). Use for document CRUD, queries, containers, and globally distributed data. Triggers: ""cosmos db rust"", ""CosmosClient rust"", ""container"", ""document rust"", ""NoSQL rust"", ""partition key"".",lib/microsoft-skills/.github/plugins/azure-sdk-rust/skills/azure-cosmos-rust/SKILL.md
azure-eventhub-rust,"Azure Event Hubs SDK for Rust. Use for sending and receiving events, streaming data ingestion. Triggers: ""event hubs rust"", ""ProducerClient rust"", ""ConsumerClient rust"", ""send event rust"", ""streaming rust"".",lib/microsoft-skills/.github/plugins/azure-sdk-rust/skills/azure-eventhub-rust/SKILL.md
azure-identity-rust,"Azure Identity SDK for Rust authentication. Use for DeveloperToolsCredential, ManagedIdentityCredential, ClientSecretCredential, and token-based authentication. Triggers: ""azure-identity"", ""DeveloperToolsCredential"", ""authentication rust"", ""managed identity rust"", ""credential rust"".",lib/microsoft-skills/.github/plugins/azure-sdk-rust/skills/azure-identity-rust/SKILL.md
azure-keyvault-certificates-rust,"Azure Key Vault Certificates SDK for Rust. Use for creating, importing, and managing certificates. Triggers: ""keyvault certificates rust"", ""CertificateClient rust"", ""create certificate rust"", ""import certificate rust"".",lib/microsoft-skills/.github/plugins/azure-sdk-rust/skills/azure-keyvault-certificates-rust/SKILL.md
azure-keyvault-keys-rust,"Azure Key Vault Keys SDK for Rust. Use for creating, managing, and using cryptographic keys. Triggers: ""keyvault keys rust"", ""KeyClient rust"", ""create key rust"", ""encrypt rust"", ""sign rust"".",lib/microsoft-skills/.github/plugins/azure-sdk-rust/skills/azure-keyvault-keys-rust/SKILL.md
azure-keyvault-secrets-rust,"Azure Key Vault Secrets SDK for Rust. Use for storing and retrieving secrets, passwords, and API keys. Triggers: ""keyvault secrets rust"", ""SecretClient rust"", ""get secret rust"", ""set secret rust"".",lib/microsoft-skills/.github/plugins/azure-sdk-rust/skills/azure-keyvault-secrets-rust/SKILL.md
azure-storage-blob-rust,"Azure Blob Storage SDK for Rust. Use for uploading, downloading, and managing blobs and containers. Triggers: ""blob storage rust"", ""BlobClient rust"", ""upload blob rust"", ""download blob rust"", ""container rust"".",lib/microsoft-skills/.github/plugins/azure-sdk-rust/skills/azure-storage-blob-rust/SKILL.md
bash-pro,"Master of defensive Bash scripting for production automation, CI/CD pipelines, and system utilities. Expert in safe, portable, and testable shell scripts.",lib/sickn33-antigravity-awesome-skills/plugins/antigravity-awesome-skills-claude/skills/bash-pro/SKILL.md
beachhead-segment,"Identify the first beachhead market segment for a product launch. Evaluates segments against burning pain, willingness to pay, winnable market share, and referral potential. Use when choosing a first market, targeting an initial customer segment, or planning market entry strategy.",lib/phuryn-pm-skills/pm-go-to-market/skills/beachhead-segment/SKILL.md
bevy-ecs-expert,"Master Bevy's Entity Component System (ECS) in Rust, covering Systems, Queries, Resources, and parallel scheduling.",lib/sickn33-antigravity-awesome-skills/plugins/antigravity-awesome-skills-claude/skills/bevy-ecs-expert/SKILL.md
blockchain-developer,"Build production-ready Web3 applications, smart contracts, and decentralized systems. Implements DeFi protocols, NFT platforms, DAOs, and enterprise blockchain integrations.",lib/sickn33-antigravity-awesome-skills/plugins/antigravity-awesome-skills-claude/skills/blockchain-developer/SKILL.md
building-adversary-infrastructure-tracking-system,"Build an automated system to track adversary infrastructure using passive DNS, certificate transparency, WHOIS data, and IP enrichment to map and monitor threat actor command-and-control networks.",lib/mukul975-anthropic-cybersecurity-skills/skills/building-adversary-infrastructure-tracking-system/SKILL.md
building-automated-malware-submission-pipeline,"Builds an automated malware submission and analysis pipeline that collects suspicious files from endpoints and email gateways, submits them to sandbox environments and multi-engine scanners, and generates verdicts with IOCs for SIEM integration. Use when SOC teams need to scale malware analysis beyond manual sandbox submissions for high-volume alert triage.",lib/mukul975-anthropic-cybersecurity-skills/skills/building-automated-malware-submission-pipeline/SKILL.md
building-ioc-enrichment-pipeline-with-opencti,"OpenCTI is an open-source platform for managing cyber threat intelligence knowledge, built on STIX 2.1 as its native data model. This skill covers building an automated IOC enrichment pipeline using O",lib/mukul975-anthropic-cybersecurity-skills/skills/building-ioc-enrichment-pipeline-with-opencti/SKILL.md
building-threat-actor-profile-from-osint,"Build comprehensive threat actor profiles using open-source intelligence (OSINT) techniques to document adversary motivations, capabilities, infrastructure, and TTPs for proactive defense.",lib/mukul975-anthropic-cybersecurity-skills/skills/building-threat-actor-profile-from-osint/SKILL.md
building-threat-intelligence-enrichment-in-splunk,"Build automated threat intelligence enrichment pipelines in Splunk Enterprise Security using lookup tables, modular inputs, and the Threat Intelligence Framework.",lib/mukul975-anthropic-cybersecurity-skills/skills/building-threat-intelligence-enrichment-in-splunk/SKILL.md
building-threat-intelligence-feed-integration,"Builds automated threat intelligence feed integration pipelines connecting STIX/TAXII feeds, open-source threat intel, and commercial TI platforms into SIEM and security tools for real-time IOC matching and alerting. Use when SOC teams need to operationalize threat intelligence by automating feed ingestion, normalization, scoring, and distribution to detection systems.",lib/mukul975-anthropic-cybersecurity-skills/skills/building-threat-intelligence-feed-integration/SKILL.md
building-threat-intelligence-platform,"Building a Threat Intelligence Platform (TIP) involves deploying and integrating multiple CTI tools into a unified system for collecting, analyzing, enriching, and disseminating threat intelligence. T",lib/mukul975-anthropic-cybersecurity-skills/skills/building-threat-intelligence-platform/SKILL.md
chroma,"Open-source embedding database for AI applications. Store embeddings and metadata, perform vector and full-text search, filter by metadata. Simple 4-function API. Scales from notebooks to production clusters. Use for semantic search, RAG applications, or document retrieval. Best for local development and open-source projects.",lib/orchestra-research-ai-research-skills/15-rag/chroma/SKILL.md
clarvia-aeo-check,"Score any MCP server, API, or CLI for agent-readiness using Clarvia AEO (Agent Experience Optimization). Search 15,400+ indexed tools before adding them to your workflow.",lib/sickn33-antigravity-awesome-skills/plugins/antigravity-awesome-skills-claude/skills/clarvia-aeo-check/SKILL.md
claude-settings-audit,"Analyze a repository to generate recommended Claude Code settings.json permissions. Use when setting up a new project, auditing existing settings, or determining which read-only bash commands to allow. Detects tech stack, build tools, and monorepo structure.",lib/sickn33-antigravity-awesome-skills/skills/claude-settings-audit/SKILL.md
clawsec-clawhub-checker,ClawHub reputation checker for ClawSec suite. Enhances guarded skill installer with VirusTotal Code Insight reputation scores and additional safety checks.,lib/prompt-security-clawsec/skills/clawsec-clawhub-checker/SKILL.md
collecting-indicators-of-compromise,"Systematically collects, categorizes, and distributes indicators of compromise (IOCs) during and after security incidents to enable detection, blocking, and threat intelligence sharing. Covers network, host, email, and behavioral indicators using STIX/TAXII formats and threat intelligence platforms. Activates for requests involving IOC collection, indicator extraction, threat indicator sharing, compromise indicators, STIX export, or IOC enrichment.",lib/mukul975-anthropic-cybersecurity-skills/skills/collecting-indicators-of-compromise/SKILL.md
collecting-volatile-evidence-from-compromised-host,"Collect volatile forensic evidence from a compromised system following order of volatility, preserving memory, network connections, processes, and system state before they are lost.",lib/mukul975-anthropic-cybersecurity-skills/skills/collecting-volatile-evidence-from-compromised-host/SKILL.md
competitor-alternatives,"When the user wants to create competitor comparison or alternative pages for SEO and sales enablement. Also use when the user mentions 'alternative page,' 'vs page,' 'competitor comparison,' 'comparison page,' '[Product] vs [Product],' '[Product] alternative,' 'competitive landing pages,' 'how do we compare to X,' 'battle card,' or 'competitor teardown.' Use this for any content that positions your product against competitors. Covers four formats: singular alternative, plural alternatives, you vs competitor, and competitor vs competitor. For sales-specific competitor docs, see sales-enablement.",lib/coreyhaines31-marketingskills/skills/competitor-alternatives/SKILL.md
conducting-external-reconnaissance-with-osint,"Conducts external reconnaissance using Open Source Intelligence (OSINT) techniques to map an organization's external attack surface without directly interacting with target systems. The tester gathers information from public sources including DNS records, certificate transparency logs, search engines, social media, code repositories, and data breach databases to build a comprehensive target profile. Activates for requests involving OSINT reconnaissance, external footprinting, attack surface mapping, or passive information gathering.",lib/mukul975-anthropic-cybersecurity-skills/skills/conducting-external-reconnaissance-with-osint/SKILL.md
conducting-internal-reconnaissance-with-bloodhound-ce,"Conduct internal Active Directory reconnaissance using BloodHound Community Edition to map attack paths, identify privilege escalation chains, and discover misconfigurations in domain environments.",lib/mukul975-anthropic-cybersecurity-skills/skills/conducting-internal-reconnaissance-with-bloodhound-ce/SKILL.md
conducting-malware-incident-response,"Responds to malware infections across enterprise endpoints by identifying the malware family, determining infection vectors, assessing spread, and executing eradication procedures. Covers the full lifecycle from detection through containment, analysis, removal, and recovery. Activates for requests involving malware response, malware eradication, trojan removal, worm containment, malware triage, or infected endpoint remediation.",lib/mukul975-anthropic-cybersecurity-skills/skills/conducting-malware-incident-response/SKILL.md
conducting-social-engineering-pretext-call,Plan and execute authorized vishing (voice phishing) pretext calls to assess employee susceptibility to social engineering and evaluate security awareness controls.,lib/mukul975-anthropic-cybersecurity-skills/skills/conducting-social-engineering-pretext-call/SKILL.md
config-loading-precedence,config loading precedence,lib/kreuzberg-dev-kreuzberg/.ai-rulez/skills/config-loading-precedence/SKILL.md
configuring-aws-verified-access-for-ztna,Configure AWS Verified Access to provide VPN-less zero trust network access to internal applications using identity and device posture verification with Cedar policy language.,lib/mukul975-anthropic-cybersecurity-skills/skills/configuring-aws-verified-access-for-ztna/SKILL.md
configuring-certificate-authority-with-openssl,"A Certificate Authority (CA) is the trust anchor in a PKI hierarchy, responsible for issuing, signing, and revoking digital certificates. This skill covers building a two-tier CA hierarchy (Root CA +",lib/mukul975-anthropic-cybersecurity-skills/skills/configuring-certificate-authority-with-openssl/SKILL.md
configuring-microsegmentation-for-zero-trust,"Configure microsegmentation policies to enforce least-privilege workload-to-workload access using tools like VMware NSX, Illumio, and Calico, preventing lateral movement in zero trust architectures.",lib/mukul975-anthropic-cybersecurity-skills/skills/configuring-microsegmentation-for-zero-trust/SKILL.md
configuring-multi-factor-authentication-with-duo,"Deploy Cisco Duo multi-factor authentication across enterprise applications, VPN, RDP, and SSH access points. This skill covers Duo integration methods, adaptive authentication policies, device trust",lib/mukul975-anthropic-cybersecurity-skills/skills/configuring-multi-factor-authentication-with-duo/SKILL.md
configuring-zscaler-private-access-for-ztna,"Configuring Zscaler Private Access (ZPA) to replace traditional VPN with zero trust network access by deploying App Connectors, defining application segments, configuring access policies based on user identity and device posture, and integrating with IdPs.",lib/mukul975-anthropic-cybersecurity-skills/skills/configuring-zscaler-private-access-for-ztna/SKILL.md
content-idea-generator,"Generate content ideas rooted in positioning. Use when someone needs ""content ideas,"" ""what should I post,"" ""blog topics,"" ""LinkedIn ideas,"" or is stuck on what to create.",lib/brianrwagner-ai-marketing-skills/content-idea-generator/SKILL.md
customer-empathy,"Deep-dive into customer empathy and user journey thinking. Use when designing onboarding, improving UX, planning features, or trying to understand how to delight users faster.",lib/rameerez-claude-code-startup-skills/skills/customer-empathy/SKILL.md
debugging-strategies,"Transform debugging from frustrating guesswork into systematic problem-solving with proven strategies, powerful tools, and methodical approaches.",lib/sickn33-antigravity-awesome-skills/plugins/antigravity-awesome-skills-claude/skills/debugging-strategies/SKILL.md
deploying-cloudflare-access-for-zero-trust,"Deploying Cloudflare Access with Cloudflare Tunnel to provide zero trust access to self-hosted and private applications, configuring identity-aware access policies, device posture checks, and WARP client enrollment for VPN replacement.",lib/mukul975-anthropic-cybersecurity-skills/skills/deploying-cloudflare-access-for-zero-trust/SKILL.md
deploying-palo-alto-prisma-access-zero-trust,"Deploying Palo Alto Networks Prisma Access for SASE-based zero trust network access using GlobalProtect agents, ZTNA Connectors, security policy enforcement, and integration with Strata Cloud Manager for unified security management.",lib/mukul975-anthropic-cybersecurity-skills/skills/deploying-palo-alto-prisma-access-zero-trust/SKILL.md
deploying-software-defined-perimeter,"Deploy a Software-Defined Perimeter using the CSA v2.0 specification with Single Packet Authorization, mutual TLS, and SDP controller/gateway configuration to enforce zero trust network access.",lib/mukul975-anthropic-cybersecurity-skills/skills/deploying-software-defined-perimeter/SKILL.md
deploying-tailscale-for-zero-trust-vpn,"Deploy and configure Tailscale as a WireGuard-based zero trust mesh VPN with identity-aware access controls, ACLs, and exit nodes for secure peer-to-peer connectivity.",lib/mukul975-anthropic-cybersecurity-skills/skills/deploying-tailscale-for-zero-trust-vpn/SKILL.md
detecting-business-email-compromise,"Business Email Compromise (BEC) is a sophisticated fraud scheme where attackers impersonate executives, vendors, or trusted partners to trick employees into transferring funds, sharing sensitive data,",lib/mukul975-anthropic-cybersecurity-skills/skills/detecting-business-email-compromise/SKILL.md
detecting-dll-sideloading-attacks,Detect DLL side-loading attacks where adversaries place malicious DLLs alongside legitimate applications to hijack execution flow for defense evasion.,lib/mukul975-anthropic-cybersecurity-skills/skills/detecting-dll-sideloading-attacks/SKILL.md
detecting-fileless-malware-techniques,"Detects and analyzes fileless malware that operates entirely in memory using PowerShell, WMI, .NET reflection, registry-resident payloads, and living-off-the-land binaries (LOLBins) without writing traditional executable files to disk. Activates for requests involving fileless threat detection, in-memory malware investigation, LOLBin abuse analysis, or WMI persistence examination.",lib/mukul975-anthropic-cybersecurity-skills/skills/detecting-fileless-malware-techniques/SKILL.md
detecting-mobile-malware-behavior,"Detects and analyzes malicious behavior in mobile applications through behavioral analysis, permission abuse detection, network traffic monitoring, and dynamic instrumentation. Use when analyzing suspicious mobile applications for data exfiltration, command-and-control communication, credential stealing, SMS interception, or other malware indicators. Activates for requests involving mobile malware analysis, app behavior monitoring, trojan detection, or suspicious app investigation.",lib/mukul975-anthropic-cybersecurity-skills/skills/detecting-mobile-malware-behavior/SKILL.md
detecting-process-injection-techniques,"Detects and analyzes process injection techniques used by malware including classic DLL injection, process hollowing, APC injection, thread hijacking, and reflective loading. Uses memory forensics, API monitoring, and behavioral analysis to identify injection artifacts. Activates for requests involving process injection detection, code injection analysis, hollowed process investigation, or in-memory threat detection.",lib/mukul975-anthropic-cybersecurity-skills/skills/detecting-process-injection-techniques/SKILL.md
detecting-spearphishing-with-email-gateway,"Spearphishing targets specific individuals using personalized, researched content that bypasses generic spam filters. Email security gateways (SEGs) like Microsoft Defender for Office 365, Proofpoint,",lib/mukul975-anthropic-cybersecurity-skills/skills/detecting-spearphishing-with-email-gateway/SKILL.md
devcontainer-setup,"Creates devcontainers with Claude Code, language-specific tooling (Python/Node/Rust/Go), and persistent volumes. Use when adding devcontainer support to a project, setting up isolated development environments, or configuring sandboxed Claude Code workspaces.",lib/sickn33-antigravity-awesome-skills/plugins/antigravity-awesome-skills-claude/skills/devcontainer-setup/SKILL.md
electron-development,"Master Electron desktop app development with secure IPC, contextIsolation, preload scripts, multi-process architecture, electron-builder packaging, code signing, and auto-update.",lib/sickn33-antigravity-awesome-skills/plugins/antigravity-awesome-skills-claude/skills/electron-development/SKILL.md
email-sequence,"When the user wants to create or optimize an email sequence, drip campaign, automated email flow, or lifecycle email program. Also use when the user mentions ""email sequence,"" ""drip campaign,"" ""nurture sequence,"" ""onboarding emails,"" ""welcome sequence,"" ""re-engagement emails,"" ""email automation,"" ""lifecycle emails,"" ""trigger-based emails,"" ""email funnel,"" ""email workflow,"" ""what emails should I send,"" ""welcome series,"" or ""email cadence."" Use this for any multi-email automated flow. For cold outreach emails, see cold-email. For in-app onboarding, see onboarding-cro.",lib/coreyhaines31-marketingskills/skills/email-sequence/SKILL.md
eol-message,"Write a clear, empathetic EOL announcement with rationale, customer impact, and next steps. Use when retiring a product, feature, or plan without creating avoidable confusion.",lib/deanpeters-product-manager-skills/skills/eol-message/SKILL.md
executing-active-directory-attack-simulation,"Executes authorized attack simulations against Active Directory environments to identify misconfigurations, weak credentials, dangerous privilege paths, and exploitable trust relationships that could lead to domain compromise. The tester uses BloodHound for attack path analysis, Mimikatz for credential extraction, and Impacket for protocol-level attacks including Kerberoasting, AS-REP Roasting, and delegation abuse. Activates for requests involving Active Directory pentest, AD attack simulation, domain compromise testing, or Kerberos attack assessment.",lib/mukul975-anthropic-cybersecurity-skills/skills/executing-active-directory-attack-simulation/SKILL.md
executing-red-team-exercise,"Executes comprehensive red team exercises that simulate real-world adversary operations against an organization's people, processes, and technology. The red team operates with stealth as a primary objective, employing the full attack lifecycle from initial reconnaissance through objective completion while testing the organization's detection and response capabilities. This differs from penetration testing by focusing on adversary emulation rather than vulnerability identification. Activates for requests involving red team exercise, adversary simulation, adversary emulation, or full-scope offensive security assessment.",lib/mukul975-anthropic-cybersecurity-skills/skills/executing-red-team-exercise/SKILL.md
existing-repo,"Analyze existing repositories, maintain structure, setup guardrails and best practices",lib/alinaqi-claude-bootstrap/skills/existing-repo/SKILL.md
exploiting-constrained-delegation-abuse,Exploit Kerberos Constrained Delegation misconfigurations in Active Directory to impersonate privileged users via S4U2self and S4U2proxy extensions for lateral movement and privilege escalation.,lib/mukul975-anthropic-cybersecurity-skills/skills/exploiting-constrained-delegation-abuse/SKILL.md
exploiting-jwt-algorithm-confusion-attack,"Exploits JWT algorithm confusion vulnerabilities where the server's token verification library accepts the algorithm specified in the JWT header rather than enforcing a fixed algorithm. The tester manipulates the alg header to switch from RS256 to HS256 (using the RSA public key as the HMAC secret), sets alg to none to bypass signature verification, or exploits kid/jku/x5u header injection to supply attacker-controlled keys. Activates for requests involving JWT algorithm confusion, alg none attack, key confusion attack, or JWT signature bypass.",lib/mukul975-anthropic-cybersecurity-skills/skills/exploiting-jwt-algorithm-confusion-attack/SKILL.md
extracting-iocs-from-malware-samples,"Extracts indicators of compromise (IOCs) from malware samples including file hashes, network indicators (IPs, domains, URLs), host artifacts (file paths, registry keys, mutexes), and behavioral patterns for threat intelligence sharing and detection rule creation. Activates for requests involving IOC extraction, threat indicator harvesting, malware indicator collection, or building detection content from samples.",lib/mukul975-anthropic-cybersecurity-skills/skills/extracting-iocs-from-malware-samples/SKILL.md
extraction-pipeline-patterns,extraction pipeline patterns,lib/kreuzberg-dev-kreuzberg/.ai-rulez/skills/extraction-pipeline-patterns/SKILL.md
file-uploads,Careful about security and performance. Never trusts file extensions. Knows that large uploads need special handling. Prefers presigned URLs over server proxying.,lib/sickn33-antigravity-awesome-skills/plugins/antigravity-awesome-skills-claude/skills/file-uploads/SKILL.md
fpf:propose-hypotheses,Execute complete FPF cycle from hypothesis generation to decision,lib/neolabhq-context-engineering-kit/plugins/fpf/skills/propose-hypotheses/SKILL.md
frontend-design-review,"Review and create distinctive, production-grade frontend interfaces with high design quality and design system compliance. Evaluates using three pillars: frictionless insight-to-action, quality craft, and trustworthy building. USE FOR: PR reviews, design reviews, accessibility audits, design system compliance checks, creative frontend design, UI code review, component reviews, responsive design checks, theme testing, and creating memorable UI. DO NOT USE FOR: Backend API reviews, database schema reviews, infrastructure or DevOps work, pure business logic without UI, or non-frontend code.",lib/microsoft-skills/.github/skills/frontend-design-review/SKILL.md
geomaster,"Comprehensive geospatial science skill covering remote sensing, GIS, spatial analysis, machine learning for earth observation, and 30+ scientific domains. Supports satellite imagery processing (Sentinel, Landsat, MODIS, SAR, hyperspectral), vector and raster data operations, spatial statistics, point cloud processing, network analysis, cloud-native workflows (STAC, COG, Planetary Computer), and 8 programming languages (Python, R, Julia, JavaScript, C++, Java, Go, Rust) with 500+ code examples. Use for remote sensing workflows, GIS analysis, spatial ML, Earth observation data processing, terrain analysis, hydrological modeling, marine spatial analysis, atmospheric science, and any geospatial computation task.",lib/k-dense-ai-claude-scientific-skills/scientific-skills/geomaster/SKILL.md
gil-management-patterns,gil management patterns,lib/kreuzberg-dev-kreuzberg/.ai-rulez/domains/plugin-system/skills/gil-management-patterns/SKILL.md
gtars,"High-performance toolkit for genomic interval analysis in Rust with Python bindings. Use when working with genomic regions, BED files, coverage tracks, overlap detection, tokenization for ML models, or fragment analysis in computational genomics and machine learning applications.",lib/k-dense-ai-claude-scientific-skills/scientific-skills/gtars/SKILL.md
hardening-docker-containers-for-production,"Hardening Docker containers for production involves applying security best practices aligned with CIS Docker Benchmark v1.8.0 to minimize attack surface, prevent privilege escalation, and enforce leas",lib/mukul975-anthropic-cybersecurity-skills/skills/hardening-docker-containers-for-production/SKILL.md
hig-components-system,"Apple HIG guidance for system experience components: widgets, live activities, notifications, complications, home screen quick actions, top shelf, watch faces, app clips, and app shortcuts. Use when asked about: ""widget design"", ""live activity"", ""notification design"", ""complication"", ""home screen quick action"", ""top shelf"", ""watch face"", ""app clip"", ""app shortcut"", ""system experience"". Also use when the user says ""how do I design a widget,"" ""what should my notification look like,"" ""how do Live Activities work,"" ""should I make an App Clip,"" or asks about surfaces outside the main app. Cross-references: hig-components-status for progress in widgets, hig-inputs for interaction patterns, hig-technologies for Siri and system integration.",lib/raintree-technology-apple-hig-skills/skills/hig-components-system/SKILL.md
huggingface-tokenizers,"Fast tokenizers optimized for research and production. Rust-based implementation tokenizes 1GB in <20 seconds. Supports BPE, WordPiece, and Unigram algorithms. Train custom vocabularies, track alignments, handle padding/truncation. Integrates seamlessly with transformers. Use when you need high-performance tokenization or custom tokenizer training.",lib/orchestra-research-ai-research-skills/02-tokenization/huggingface-tokenizers/SKILL.md
implementing-application-whitelisting-with-applocker,"Implements application whitelisting using Windows AppLocker to restrict unauthorized software execution on endpoints, reducing attack surface from malware, unauthorized tools, and shadow IT. Use when enforcing application control policies, meeting compliance requirements for software restriction, or preventing execution of unsigned or untrusted binaries. Activates for requests involving AppLocker, application whitelisting, software restriction, or executable control.",lib/mukul975-anthropic-cybersecurity-skills/skills/implementing-application-whitelisting-with-applocker/SKILL.md
implementing-azure-ad-privileged-identity-management,"Configure Microsoft Entra Privileged Identity Management to enforce just-in-time role activation, approval workflows, and access reviews for Azure AD privileged roles.",lib/mukul975-anthropic-cybersecurity-skills/skills/implementing-azure-ad-privileged-identity-management/SKILL.md
implementing-beyondcorp-zero-trust-access-model,"Implementing Google's BeyondCorp zero trust access model to eliminate implicit trust from the network perimeter, enforce identity-aware access controls using IAP, Access Context Manager, and Chrome Enterprise Premium for VPN-less secure application access.",lib/mukul975-anthropic-cybersecurity-skills/skills/implementing-beyondcorp-zero-trust-access-model/SKILL.md
implementing-browser-isolation-for-zero-trust,"Deploys remote browser isolation (RBI) as a core component of a Zero Trust architecture. Implements isolation policies with URL categorization and risk-based routing, content disarming and reconstruction (CDR) for file sanitization, data loss prevention controls within isolated sessions, and integration with Secure Web Gateway and ZTNA platforms. Based on Cloudflare Browser Isolation, Menlo Security, and Zscaler RBI approaches. Use when hardening web access against zero-day exploits, phishing, credential theft, and browser-based data exfiltration.",lib/mukul975-anthropic-cybersecurity-skills/skills/implementing-browser-isolation-for-zero-trust/SKILL.md
implementing-cisa-zero-trust-maturity-model,"Implement the CISA Zero Trust Maturity Model v2.0 across the five pillars of identity, devices, networks, applications, and data to achieve progressive organizational zero trust maturity.",lib/mukul975-anthropic-cybersecurity-skills/skills/implementing-cisa-zero-trust-maturity-model/SKILL.md
implementing-code-signing-for-artifacts,"This skill covers implementing code signing for build artifacts to ensure integrity and authenticity throughout the software supply chain. It addresses signing binaries, packages, and containers using GPG, Sigstore, and platform-specific signing tools, establishing trust chains, and verifying signatures in deployment pipelines.",lib/mukul975-anthropic-cybersecurity-skills/skills/implementing-code-signing-for-artifacts/SKILL.md
implementing-conditional-access-policies-azure-ad,"Configure Microsoft Entra ID (Azure AD) Conditional Access policies for zero trust access control. Covers signal-based policy design, device compliance requirements, risk-based authentication, named l",lib/mukul975-anthropic-cybersecurity-skills/skills/implementing-conditional-access-policies-azure-ad/SKILL.md
implementing-conduit-security-for-ot-remote-access,"Implement secure conduit architecture for OT remote access following IEC 62443 zones and conduits model, deploying jump servers, MFA-enabled gateways, session recording, and approval-based workflows to control vendor and engineer access to industrial control systems without exposing OT networks directly.",lib/mukul975-anthropic-cybersecurity-skills/skills/implementing-conduit-security-for-ot-remote-access/SKILL.md
implementing-container-image-minimal-base-with-distroless,"Reduce container attack surface by building application images on Google distroless base images that contain only the application runtime with no shell, package manager, or unnecessary OS utilities.",lib/mukul975-anthropic-cybersecurity-skills/skills/implementing-container-image-minimal-base-with-distroless/SKILL.md
implementing-container-network-policies-with-calico,"Enforce Kubernetes network segmentation using Calico CNI network policies and global network policies to control pod-to-pod traffic, restrict egress, and implement zero-trust microsegmentation.",lib/mukul975-anthropic-cybersecurity-skills/skills/implementing-container-network-policies-with-calico/SKILL.md
implementing-fuzz-testing-in-cicd-with-aflplusplus,"Integrate AFL++ coverage-guided fuzz testing into CI/CD pipelines to discover memory corruption, input handling, and logic vulnerabilities in C/C++ and compiled applications.",lib/mukul975-anthropic-cybersecurity-skills/skills/implementing-fuzz-testing-in-cicd-with-aflplusplus/SKILL.md
implementing-gcp-binary-authorization,"Implement GCP Binary Authorization to enforce deploy-time security controls that ensure only trusted, attested container images are deployed to Google Kubernetes Engine and Cloud Run.",lib/mukul975-anthropic-cybersecurity-skills/skills/implementing-gcp-binary-authorization/SKILL.md
implementing-gcp-vpc-firewall-rules,"Implementing and auditing GCP VPC firewall rules to enforce network segmentation, restrict ingress and egress traffic, apply hierarchical firewall policies across the organization, and monitor firewall rule effectiveness using VPC Flow Logs.",lib/mukul975-anthropic-cybersecurity-skills/skills/implementing-gcp-vpc-firewall-rules/SKILL.md
implementing-hashicorp-vault-dynamic-secrets,"Implements HashiCorp Vault dynamic secrets engines for database credentials, AWS IAM keys, and PKI certificates with automatic generation, lease management, and credential rotation to eliminate static secrets in application configurations. Activates for requests involving Vault secrets engine configuration, dynamic database credentials, ephemeral cloud credentials, or automated secret rotation.",lib/mukul975-anthropic-cybersecurity-skills/skills/implementing-hashicorp-vault-dynamic-secrets/SKILL.md
implementing-identity-verification-for-zero-trust,"Implement continuous identity verification for zero trust using phishing-resistant MFA (FIDO2/WebAuthn), risk-based conditional access, and identity governance aligned with the CISA Zero Trust Maturity Model.",lib/mukul975-anthropic-cybersecurity-skills/skills/implementing-identity-verification-for-zero-trust/SKILL.md
implementing-kubernetes-network-policy-with-calico,Implement Kubernetes network segmentation using Calico NetworkPolicy and GlobalNetworkPolicy for zero-trust pod-to-pod communication.,lib/mukul975-anthropic-cybersecurity-skills/skills/implementing-kubernetes-network-policy-with-calico/SKILL.md
implementing-microsegmentation-with-guardicore,"Implementing microsegmentation using Akamai Guardicore Segmentation to map application dependencies, create granular network policies, visualize east-west traffic flows, and enforce least-privilege communication between workloads across data centers and cloud.",lib/mukul975-anthropic-cybersecurity-skills/skills/implementing-microsegmentation-with-guardicore/SKILL.md
implementing-mtls-for-zero-trust-services,"Configures mutual TLS (mTLS) authentication between microservices using Python cryptography library for certificate generation and ssl module for TLS verification. Validates certificate chains, checks expiration, and audits mTLS deployment status. Use when implementing zero-trust service-to-service authentication.",lib/mukul975-anthropic-cybersecurity-skills/skills/implementing-mtls-for-zero-trust-services/SKILL.md
implementing-network-access-control,"Implements 802.1X port-based network access control using RADIUS authentication, PacketFence NAC, and switch configurations to enforce identity-based access policies, posture assessment, and automatic VLAN assignment for authorized devices.",lib/mukul975-anthropic-cybersecurity-skills/skills/implementing-network-access-control/SKILL.md
implementing-network-access-control-with-cisco-ise,"Deploy Cisco Identity Services Engine for 802.1X wired and wireless authentication, MAC Authentication Bypass, posture assessment, and dynamic VLAN assignment for network access control.",lib/mukul975-anthropic-cybersecurity-skills/skills/implementing-network-access-control-with-cisco-ise/SKILL.md
implementing-network-policies-for-kubernetes,"Kubernetes NetworkPolicies provide pod-level network segmentation by defining ingress and egress rules that control traffic flow between pods, namespaces, and external endpoints. Combined with CNI plu",lib/mukul975-anthropic-cybersecurity-skills/skills/implementing-network-policies-for-kubernetes/SKILL.md
implementing-network-segmentation-with-firewall-zones,"Design and implement network segmentation using firewall security zones, VLANs, ACLs, and microsegmentation policies to restrict lateral movement and enforce least-privilege network access.",lib/mukul975-anthropic-cybersecurity-skills/skills/implementing-network-segmentation-with-firewall-zones/SKILL.md
implementing-soar-automation-with-phantom,"Implements Security Orchestration, Automation, and Response (SOAR) workflows using Splunk SOAR (formerly Phantom) to automate alert triage, IOC enrichment, containment actions, and incident response playbooks. Use when SOC teams need to reduce manual analyst work, standardize response procedures, or integrate multiple security tools into automated workflows.",lib/mukul975-anthropic-cybersecurity-skills/skills/implementing-soar-automation-with-phantom/SKILL.md
implementing-stix-taxii-feed-integration,STIX (Structured Threat Information eXpression) and TAXII (Trusted Automated eXchange of Intelligence Information) are OASIS open standards for representing and transporting cyber threat intelligence.,lib/mukul975-anthropic-cybersecurity-skills/skills/implementing-stix-taxii-feed-integration/SKILL.md
implementing-taxii-server-with-opentaxii,Deploy and configure an OpenTAXII server to share and consume STIX-formatted cyber threat intelligence using the TAXII 2.1 protocol for automated indicator exchange between organizations.,lib/mukul975-anthropic-cybersecurity-skills/skills/implementing-taxii-server-with-opentaxii/SKILL.md
implementing-zero-trust-dns-with-nextdns,"Implement NextDNS as a zero trust DNS filtering layer with encrypted resolution, threat intelligence blocking, privacy protection, and organizational policy enforcement across all endpoints.",lib/mukul975-anthropic-cybersecurity-skills/skills/implementing-zero-trust-dns-with-nextdns/SKILL.md
implementing-zero-trust-for-saas-applications,"Implementing zero trust access controls for SaaS applications using CASB, SSPM, conditional access policies, OAuth app governance, and session controls to enforce identity verification, device compliance, and data protection for cloud-hosted services.",lib/mukul975-anthropic-cybersecurity-skills/skills/implementing-zero-trust-for-saas-applications/SKILL.md
implementing-zero-trust-in-cloud,"This skill guides organizations through implementing zero trust architecture in cloud environments following NIST SP 800-207 and Google BeyondCorp principles. It covers identity-centric access controls, micro-segmentation, continuous verification, device trust assessment, and deploying Identity-Aware Proxy to eliminate implicit network trust in AWS, Azure, and GCP environments.",lib/mukul975-anthropic-cybersecurity-skills/skills/implementing-zero-trust-in-cloud/SKILL.md
implementing-zero-trust-network-access,"Implementing Zero Trust Network Access (ZTNA) in cloud environments by configuring identity-aware proxies, micro-segmentation, continuous verification with conditional access policies, and replacing traditional VPN-based access with BeyondCorp-style architectures across AWS, Azure, and GCP.",lib/mukul975-anthropic-cybersecurity-skills/skills/implementing-zero-trust-network-access/SKILL.md
implementing-zero-trust-network-access-with-zscaler,"Implement Zero Trust Network Access using Zscaler Private Access (ZPA) to replace traditional VPN with identity-based, context-aware access to private applications through the Zscaler Zero Trust Exchange.",lib/mukul975-anthropic-cybersecurity-skills/skills/implementing-zero-trust-network-access-with-zscaler/SKILL.md
implementing-zero-trust-with-beyondcorp,"Deploy Google BeyondCorp Enterprise zero trust access controls using Identity-Aware Proxy (IAP), context-aware access policies, device trust validation, and Access Context Manager to enforce identity and posture-based access to GCP resources and internal applications.",lib/mukul975-anthropic-cybersecurity-skills/skills/implementing-zero-trust-with-beyondcorp/SKILL.md
implementing-zero-trust-with-hashicorp-boundary,"Implement HashiCorp Boundary for identity-aware zero trust infrastructure access management with dynamic credential brokering, session recording, and Vault integration.",lib/mukul975-anthropic-cybersecurity-skills/skills/implementing-zero-trust-with-hashicorp-boundary/SKILL.md
incident-response-smart-fix,[Extended thinking: This workflow implements a sophisticated debugging and resolution pipeline that leverages AI-assisted debugging tools and observability platforms to systematically diagnose and res,lib/sickn33-antigravity-awesome-skills/plugins/antigravity-awesome-skills-claude/skills/incident-response-smart-fix/SKILL.md
intercepting-mobile-traffic-with-burpsuite,"Intercepts and analyzes HTTP/HTTPS traffic from mobile applications using Burp Suite proxy to identify insecure API communications, authentication flaws, data leakage, and server-side vulnerabilities. Use when performing mobile application penetration testing, assessing API security, or evaluating client-server communication patterns. Activates for requests involving mobile traffic interception, Burp Suite mobile proxy, API security testing, or mobile HTTPS analysis.",lib/mukul975-anthropic-cybersecurity-skills/skills/intercepting-mobile-traffic-with-burpsuite/SKILL.md
investigating-phishing-email-incident,"Investigates phishing email incidents from initial user report through header analysis, URL/attachment detonation, impacted user identification, and containment actions using SOC tools like Splunk, Microsoft Defender, and sandbox analysis platforms. Use when a reported phishing email requires full incident investigation to determine scope and impact.",lib/mukul975-anthropic-cybersecurity-skills/skills/investigating-phishing-email-incident/SKILL.md
kreuzberg,"Extract text, tables, metadata, and images from 91+ document formats (PDF, Office, images, HTML, email, archives, academic) using Kreuzberg. Use when writing code that calls Kreuzberg APIs in Python, Node.js/TypeScript, Rust, or CLI. Covers installation, extraction (sync/async), configuration (OCR, chunking, output format), batch processing, error handling, and plugins.",lib/kreuzberg-dev-kreuzberg/skills/kreuzberg/SKILL.md
lean-canvas,"Generate a Lean Canvas with problem, solution, metrics, cost structure, UVP, unfair advantage, channels, segments, and revenue. Use when exploring a lean startup canvas, testing a business hypothesis, or modeling a new venture.",lib/phuryn-pm-skills/pm-product-strategy/skills/lean-canvas/SKILL.md
lightning-architecture-review,"Review Bitcoin Lightning Network protocol designs, compare channel factory approaches, and analyze Layer 2 scaling tradeoffs. Covers trust models, on-chain footprint, consensus requirements, HTLC/PTLC compatibility, liveness, and watchtower support.",lib/sickn33-antigravity-awesome-skills/plugins/antigravity-awesome-skills-claude/skills/lightning-architecture-review/SKILL.md
makepad-reference,"This category provides reference materials for debugging, code quality, and advanced layout patterns.",lib/sickn33-antigravity-awesome-skills/plugins/antigravity-awesome-skills-claude/skills/makepad-reference/SKILL.md
makepad-skills,"Makepad UI development skills for Rust apps: setup, patterns, shaders, packaging, and troubleshooting.",lib/sickn33-antigravity-awesome-skills/plugins/antigravity-awesome-skills-claude/skills/makepad-skills/SKILL.md
makepad-widgets,Version: makepad-widgets (dev branch) | Last Updated: 2026-01-19 > > Check for updates: https://crates.io/crates/makepad-widgets,lib/sickn33-antigravity-awesome-skills/plugins/antigravity-awesome-skills-claude/skills/makepad-widgets/SKILL.md
managing-cloud-identity-with-okta,"This skill covers implementing Okta as a centralized identity provider for cloud environments, configuring SSO integration with AWS, Azure, and GCP, deploying phishing- resistant MFA with Okta FastPass, managing lifecycle automation for user provisioning and deprovisioning, and enforcing adaptive access policies based on device posture and risk signals.",lib/mukul975-anthropic-cybersecurity-skills/skills/managing-cloud-identity-with-okta/SKILL.md
mime-detection-routing,mime detection routing,lib/kreuzberg-dev-kreuzberg/.ai-rulez/skills/mime-detection-routing/SKILL.md
modal-serverless-gpu,"Serverless GPU cloud platform for running ML workloads. Use when you need on-demand GPU access without infrastructure management, deploying ML models as APIs, or running batch jobs with automatic scaling.",lib/orchestra-research-ai-research-skills/09-infrastructure/modal/SKILL.md
molykit,"CRITICAL: Use for MolyKit AI chat toolkit. Triggers on: BotClient, OpenAI, SSE streaming, AI chat, molykit, PlatformSend, spawn(), ThreadToken, cross-platform async, Chat widget, Messages, PromptInput, Avatar, LLM",lib/sickn33-antigravity-awesome-skills/skills/molykit/SKILL.md
mtls-configuration,"Configure mutual TLS (mTLS) for zero-trust service-to-service communication. Use when implementing zero-trust networking, certificate management, or securing internal service communication.",lib/sickn33-antigravity-awesome-skills/plugins/antigravity-awesome-skills-claude/skills/mtls-configuration/SKILL.md
network-engineer,"Expert network engineer specializing in modern cloud networking, security architectures, and performance optimization.",lib/sickn33-antigravity-awesome-skills/plugins/antigravity-awesome-skills-claude/skills/network-engineer/SKILL.md
ocr-backend-management,ocr uackend management,lib/kreuzberg-dev-kreuzberg/.ai-rulez/skills/ocr-backend-management/SKILL.md
outreach-specialist,"Crafts high-converting outreach messages and email sequences for cold outreach, LinkedIn DMs, and follow-ups. Use when user needs personalized outreach messages that book calls and get replies.",lib/ognjengt-founder-skills/skills/outreach-specialist/SKILL.md
performing-active-directory-bloodhound-analysis,Use BloodHound and SharpHound to enumerate Active Directory relationships and identify attack paths from compromised users to Domain Admin.,lib/mukul975-anthropic-cybersecurity-skills/skills/performing-active-directory-bloodhound-analysis/SKILL.md
performing-aws-privilege-escalation-assessment,"Performing authorized privilege escalation assessments in AWS environments to identify IAM misconfigurations that allow users or roles to elevate their permissions using Pacu, CloudFox, Principal Mapper, and manual IAM policy analysis techniques.",lib/mukul975-anthropic-cybersecurity-skills/skills/performing-aws-privilege-escalation-assessment/SKILL.md
performing-brand-monitoring-for-impersonation,"Monitor for brand impersonation attacks across domains, social media, mobile apps, and dark web channels to detect phishing campaigns, fake sites, and unauthorized brand usage targeting your organization.",lib/mukul975-anthropic-cybersecurity-skills/skills/performing-brand-monitoring-for-impersonation/SKILL.md
performing-cloud-asset-inventory-with-cartography,"Perform comprehensive cloud asset inventory and relationship mapping using Cartography to build a Neo4j security graph of infrastructure assets, IAM permissions, and attack paths across AWS, GCP, and Azure.",lib/mukul975-anthropic-cybersecurity-skills/skills/performing-cloud-asset-inventory-with-cartography/SKILL.md
performing-docker-bench-security-assessment,"Docker Bench for Security is an open-source script that checks dozens of common best practices around deploying Docker containers in production. Based on the CIS Docker Benchmark, it audits host confi",lib/mukul975-anthropic-cybersecurity-skills/skills/performing-docker-bench-security-assessment/SKILL.md
performing-indicator-lifecycle-management,"Indicator lifecycle management tracks IOCs from initial discovery through validation, enrichment, deployment, monitoring, and eventual retirement. This skill covers implementing systematic processes f",lib/mukul975-anthropic-cybersecurity-skills/skills/performing-indicator-lifecycle-management/SKILL.md
performing-ioc-enrichment-automation,"Automates Indicator of Compromise (IOC) enrichment by orchestrating lookups across VirusTotal, AbuseIPDB, Shodan, MISP, and other intelligence sources to provide contextual scoring and disposition recommendations. Use when SOC analysts need rapid multi-source enrichment of IPs, domains, URLs, and file hashes during alert triage or incident investigation.",lib/mukul975-anthropic-cybersecurity-skills/skills/performing-ioc-enrichment-automation/SKILL.md
performing-malware-hash-enrichment-with-virustotal,"Enrich malware file hashes using the VirusTotal API to retrieve detection rates, behavioral analysis, YARA matches, and contextual threat intelligence for incident triage and IOC validation.",lib/mukul975-anthropic-cybersecurity-skills/skills/performing-malware-hash-enrichment-with-virustotal/SKILL.md
performing-malware-ioc-extraction,"Malware IOC extraction is the process of analyzing malicious software to identify actionable indicators of compromise including file hashes, network indicators (C2 domains, IP addresses, URLs), regist",lib/mukul975-anthropic-cybersecurity-skills/skills/performing-malware-ioc-extraction/SKILL.md
performing-mobile-app-certificate-pinning-bypass,"Bypasses SSL/TLS certificate pinning implementations in Android and iOS applications to enable traffic interception during authorized security assessments. Covers OkHttp, TrustManager, NSURLSession, and third-party pinning library bypass techniques using Frida, Objection, and custom scripts. Activates for requests involving certificate pinning bypass, SSL pinning defeat, mobile TLS interception, or proxy-resistant app testing.",lib/mukul975-anthropic-cybersecurity-skills/skills/performing-mobile-app-certificate-pinning-bypass/SKILL.md
performing-mobile-device-forensics-with-cellebrite,"Acquire and analyze mobile device data using Cellebrite UFED and open-source tools to extract communications, location data, and application artifacts.",lib/mukul975-anthropic-cybersecurity-skills/skills/performing-mobile-device-forensics-with-cellebrite/SKILL.md
performing-oauth-scope-minimization-review,"Performs OAuth 2.0 scope minimization review to identify over-permissioned third-party application integrations, excessive API scopes, unused token grants, and risky OAuth consent patterns across identity providers and SaaS platforms. Activates for requests involving OAuth scope audit, API permission review, third-party app risk assessment, or consent grant minimization.",lib/mukul975-anthropic-cybersecurity-skills/skills/performing-oauth-scope-minimization-review/SKILL.md
performing-osint-with-spiderfoot,"Automate OSINT collection using SpiderFoot REST API and CLI for target profiling, module-based reconnaissance, and structured result analysis across 200+ data sources",lib/mukul975-anthropic-cybersecurity-skills/skills/performing-osint-with-spiderfoot/SKILL.md
performing-privileged-account-access-review,"Conduct systematic reviews of privileged accounts to validate access rights, identify excessive permissions, and enforce least privilege across PAM infrastructure.",lib/mukul975-anthropic-cybersecurity-skills/skills/performing-privileged-account-access-review/SKILL.md
performing-soc2-type2-audit-preparation,"Automates SOC 2 Type II audit preparation including gap assessment against AICPA Trust Services Criteria (CC1-CC9), evidence collection from cloud providers and identity systems, control testing validation, remediation tracking, and continuous compliance monitoring. Covers all five TSC categories (Security, Availability, Processing Integrity, Confidentiality, Privacy) with automated evidence gathering from AWS, Azure, GCP, Okta, GitHub, and Jira. Use when preparing for or maintaining SOC 2 Type II certification.",lib/mukul975-anthropic-cybersecurity-skills/skills/performing-soc2-type2-audit-preparation/SKILL.md
performing-ssl-tls-inspection-configuration,"Configure SSL/TLS inspection on network security devices to decrypt, inspect, and re-encrypt HTTPS traffic for threat detection while managing certificates, exemptions, and privacy compliance.",lib/mukul975-anthropic-cybersecurity-skills/skills/performing-ssl-tls-inspection-configuration/SKILL.md
performing-static-malware-analysis-with-pe-studio,"Performs static analysis of Windows PE (Portable Executable) malware samples using PEStudio to examine file headers, imports, strings, resources, and indicators without executing the binary. Identifies suspicious characteristics including packing, anti-analysis techniques, and malicious imports. Activates for requests involving static malware analysis, PE file inspection, Windows executable analysis, or pre-execution malware triage.",lib/mukul975-anthropic-cybersecurity-skills/skills/performing-static-malware-analysis-with-pe-studio/SKILL.md
performing-subdomain-enumeration-with-subfinder,Enumerate subdomains of target domains using ProjectDiscovery's Subfinder passive reconnaissance tool to map the attack surface during security assessments.,lib/mukul975-anthropic-cybersecurity-skills/skills/performing-subdomain-enumeration-with-subfinder/SKILL.md
performing-supply-chain-attack-simulation,"Simulate and detect software supply chain attacks including typosquatting detection via Levenshtein distance, dependency confusion testing against private registries, package hash verification with pip, and known vulnerability scanning with pip-audit.",lib/mukul975-anthropic-cybersecurity-skills/skills/performing-supply-chain-attack-simulation/SKILL.md
performing-yara-rule-development-for-detection,"Develop precise YARA rules for malware detection by identifying unique byte patterns, strings, and behavioral indicators in executable files while minimizing false positives.",lib/mukul975-anthropic-cybersecurity-skills/skills/performing-yara-rule-development-for-detection/SKILL.md
pict-test-designer,"Design comprehensive test cases using PICT (Pairwise Independent Combinatorial Testing) for any piece of requirements or code. Analyzes inputs, generates PICT models with parameters, values, and constraints for valid scenarios using pairwise testing. Outputs the PICT model, markdown table of test cases, and expected results.",lib/omkamal-pypict-claude-skill/SKILL.md
playwright-cli,"Automates browser interactions for testing and validating your own web applications using playwright-cli. Use when the user needs to navigate their own apps, fill forms, take screenshots, test web application behavior, mock network requests, manage browser sessions, or generate test code. Only use against applications you own or have explicit authorization to test.",lib/testdino-hq-playwright-skill/playwright-cli/SKILL.md
plugin-architecture-patterns,plugin architecture patterns,lib/kreuzberg-dev-kreuzberg/.ai-rulez/skills/plugin-architecture-patterns/SKILL.md
plugin-discovery,plugin discovery,lib/kreuzberg-dev-kreuzberg/.ai-rulez/domains/plugin-system/skills/plugin-discovery/SKILL.md
polars,"Fast in-memory DataFrame library for datasets that fit in RAM. Use when pandas is too slow but data still fits in memory. Lazy evaluation, parallel execution, Apache Arrow backend. Best for 1-100GB datasets, ETL pipelines, faster pandas replacement. For larger-than-RAM data use dask or vaex.",lib/k-dense-ai-claude-scientific-skills/scientific-skills/polars/SKILL.md
python-ocr-backend-integration,python ocr uackend integration,lib/kreuzberg-dev-kreuzberg/.ai-rulez/domains/ocr-integration/skills/python-ocr-backend-integration/SKILL.md
python-plugin-wrapper,python plugin wrapper,lib/kreuzberg-dev-kreuzberg/.ai-rulez/domains/plugin-system/skills/python-plugin-wrapper/SKILL.md
qdrant-vector-search,"High-performance vector similarity search engine for RAG and semantic search. Use when building production RAG systems requiring fast nearest neighbor search, hybrid search with filtering, or scalable vector storage with Rust-powered performance.",lib/orchestra-research-ai-research-skills/15-rag/qdrant/SKILL.md
receiving-code-review,"Use when receiving code review feedback, before implementing suggestions, especially if feedback seems unclear or technically questionable - requires technical rigor and verification, not performative agreement or blind implementation",lib/obra-superpowers/skills/receiving-code-review/SKILL.md
reddit-insights,"Search and analyze Reddit content using semantic AI search via reddit-insights.com MCP server. Use when you need to: (1) Find user pain points and frustrations for product ideas, (2) Discover niche markets or underserved needs, (3) Research what people really think about products/topics, (4) Find content inspiration from real discussions, (5) Analyze sentiment and trends on Reddit, (6) Validate business ideas with real user feedback. Triggers: reddit search, find pain points, market research, user feedback, what do people think about, reddit trends, niche discovery, product validation.",lib/brianrwagner-ai-marketing-skills/reddit-insights/SKILL.md
referral-program,"When the user wants to create, optimize, or analyze a referral program, affiliate program, or word-of-mouth strategy. Also use when the user mentions 'referral,' 'affiliate,' 'ambassador,' 'word of mouth,' 'viral loop,' 'refer a friend,' 'partner program,' 'referral incentive,' 'how to get referrals,' 'customers referring customers,' or 'affiliate payout.' Use this whenever someone wants existing users or partners to bring in new customers. For launch-specific virality, see launch-strategy.",lib/coreyhaines31-marketingskills/skills/referral-program/SKILL.md
reflexion:reflect,"Reflect on previus response and output, based on Self-refinement framework for iterative improvement with complexity triage and verification",lib/neolabhq-context-engineering-kit/plugins/reflexion/skills/reflect/SKILL.md
reverse-engineering-rust-malware,"Reverse engineer Rust-compiled malware using IDA Pro and Ghidra with techniques for handling non-null-terminated strings, crate dependency extraction, and Rust-specific control flow analysis.",lib/mukul975-anthropic-cybersecurity-skills/skills/reverse-engineering-rust-malware/SKILL.md
review,"Pre-landing PR review. Analyzes diff against the base branch for SQL safety, LLM trust boundary violations, conditional side effects, and other structural issues. Use when asked to ""review this PR"", ""code review"", ""pre-landing review"", or ""check my diff"". Proactively suggest when the user is about to merge or land code changes. (gstack)",lib/garrytan-gstack/review/SKILL.md
review-management,"When the user wants to analyze, respond to, or improve their app reviews and ratings. Also use when the user mentions ""reviews"", ""ratings"", ""negative reviews"", ""how to get more reviews"", ""review response"", or ""my rating is dropping"". For broader ASO audit, see aso-audit. For retention issues causing bad reviews, see retention-optimization.",lib/eronred-aso-skills/skills/review-management/SKILL.md
rust-async-patterns,"Master Rust async programming with Tokio, async traits, error handling, and concurrent patterns. Use when building async Rust applications, implementing concurrent systems, or debugging async code.",lib/sickn33-antigravity-awesome-skills/plugins/antigravity-awesome-skills-claude/skills/rust-async-patterns/SKILL.md
rust-patterns,"Idiomatic Rust patterns, ownership, error handling, traits, concurrency, and best practices for building safe, performant applications.",lib/affaan-m-everything-claude-code/docs/tr/skills/rust-patterns/SKILL.md
rust-pro,"Master Rust 1.75+ with modern async patterns, advanced type system features, and production-ready systems programming.",lib/sickn33-antigravity-awesome-skills/plugins/antigravity-awesome-skills-claude/skills/rust-pro/SKILL.md
rust-testing,"Rust testing patterns including unit tests, integration tests, async testing, property-based testing, mocking, and coverage. Follows TDD methodology.",lib/affaan-m-everything-claude-code/docs/tr/skills/rust-testing/SKILL.md
sales-enablement,"When the user wants to create sales collateral, pitch decks, one-pagers, objection handling docs, or demo scripts. Also use when the user mentions 'sales deck,' 'pitch deck,' 'one-pager,' 'leave-behind,' 'objection handling,' 'deal-specific ROI analysis,' 'demo script,' 'talk track,' 'sales playbook,' 'proposal template,' 'buyer persona card,' 'help my sales team,' 'sales materials,' or 'what should I give my sales reps.' Use this for any document or asset that helps a sales team close deals. For competitor comparison pages and battle cards, see competitor-alternatives. For marketing website copy, see copywriting. For cold outreach emails, see cold-email.",lib/coreyhaines31-marketingskills/skills/sales-enablement/SKILL.md
screenshot-optimization,"When the user wants to design, optimize, or evaluate App Store screenshots and preview videos. Also use when the user mentions ""screenshots"", ""app preview"", ""product page design"", ""screenshot design"", ""creative assets"", or ""what should my screenshots show"". For A/B testing screenshots, see ab-test-store-listing. For full ASO audit, see aso-audit.",lib/eronred-aso-skills/skills/screenshot-optimization/SKILL.md
search-specialist,Expert web researcher using advanced search techniques and,lib/sickn33-antigravity-awesome-skills/plugins/antigravity-awesome-skills-claude/skills/search-specialist/SKILL.md
securing-container-registry-with-harbor,"Harbor is an open-source container registry that provides security features including vulnerability scanning (integrated Trivy), image signing (Notary/Cosign), RBAC, content trust policies, replicatio",lib/mukul975-anthropic-cybersecurity-skills/skills/securing-container-registry-with-harbor/SKILL.md
securing-github-actions-workflows,"This skill covers hardening GitHub Actions workflows against supply chain attacks, credential theft, and privilege escalation. It addresses pinning actions to SHA digests, minimizing GITHUB_TOKEN permissions, protecting secrets from exfiltration, preventing script injection in workflow expressions, and implementing required reviewers for workflow changes.",lib/mukul975-anthropic-cybersecurity-skills/skills/securing-github-actions-workflows/SKILL.md
securing-remote-access-to-ot-environment,"This skill covers implementing secure remote access to OT/ICS environments for operators, engineers, and vendors while preventing unauthorized access that could compromise industrial operations. It addresses jump server architecture, multi-factor authentication, session recording, privileged access management, vendor remote access controls, and compliance with IEC 62443 and NERC CIP-005 remote access requirements.",lib/mukul975-anthropic-cybersecurity-skills/skills/securing-remote-access-to-ot-environment/SKILL.md
security-bluebook-builder,"Create or refine a concise, normative security policy (""Blue Book"") for sensitive applications. Use when users need a threat model, data classification rules, auth/session policy, logging and audit requirements, retention/deletion expectations, incident response, or security gates for apps handling PII/PHI/financial data.",lib/shadowpr0-security-bluebook-builder/SKILL.md
security-limits-dos-protection,security limits dos protection,lib/kreuzberg-dev-kreuzberg/.ai-rulez/skills/security-limits-dos-protection/SKILL.md
security-scanning-security-sast,Static Application Security Testing (SAST) for code vulnerability analysis across multiple languages and frameworks,lib/sickn33-antigravity-awesome-skills/plugins/antigravity-awesome-skills-claude/skills/security-scanning-security-sast/SKILL.md
semgrep-rule-creator,"Creates custom Semgrep rules for detecting security vulnerabilities, bug patterns, and code patterns. Use when writing Semgrep rules or building custom static analysis detections.",lib/sickn33-antigravity-awesome-skills/plugins/antigravity-awesome-skills-claude/skills/semgrep-rule-creator/SKILL.md
seo-aeo-best-practices,"SEO and AEO best practices for metadata, Open Graph, sitemaps, robots.txt, hreflang, JSON-LD structured data, EEAT, and content optimized for search engines and AI answer surfaces. Use this skill when implementing page SEO, technical SEO, schema markup, international SEO, AI-overview readiness, or improving content for Google, ChatGPT, Perplexity, and similar assistants.",lib/sanity-io-agent-toolkit/skills/seo-aeo-best-practices/SKILL.md
seo-authority-builder,Analyzes content for E-E-A-T signals and suggests improvements to build authority and trust. Identifies missing credibility elements. Use PROACTIVELY for YMYL topics.,lib/sickn33-antigravity-awesome-skills/plugins/antigravity-awesome-skills-claude/skills/seo-authority-builder/SKILL.md
seo-content,"Content quality and E-E-A-T analysis with AI citation readiness assessment. Use when user says ""content quality"", ""E-E-A-T"", ""content analysis"", ""readability check"", ""thin content"", or ""content audit"".",lib/agricidaniel-claude-seo/skills/seo-content/SKILL.md
seo-content-auditor,"Analyzes provided content for quality, E-E-A-T signals, and SEO best practices. Scores content and provides improvement recommendations based on established guidelines.",lib/sickn33-antigravity-awesome-skills/plugins/antigravity-awesome-skills-claude/skills/seo-content-auditor/SKILL.md
seo-fundamentals,"Core principles of SEO including E-E-A-T, Core Web Vitals, technical foundations, content quality, and how modern search engines evaluate pages.",lib/sickn33-antigravity-awesome-skills/plugins/antigravity-awesome-skills-claude/skills/seo-fundamentals/SKILL.md
service-mesh-expert,"Expert service mesh architect specializing in Istio, Linkerd, and cloud-native networking patterns. Masters traffic management, security policies, observability integration, and multi-cluster mesh con",lib/sickn33-antigravity-awesome-skills/plugins/antigravity-awesome-skills-claude/skills/service-mesh-expert/SKILL.md
systems-programming-rust-project,"You are a Rust project architecture expert specializing in scaffolding production-ready Rust applications. Generate complete project structures with cargo tooling, proper module organization, testing",lib/sickn33-antigravity-awesome-skills/plugins/antigravity-awesome-skills-claude/skills/systems-programming-rust-project/SKILL.md
tailwind-patterns,"Tailwind CSS v4 principles. CSS-first configuration, container queries, modern patterns, design token architecture.",lib/sickn33-antigravity-awesome-skills/plugins/antigravity-awesome-skills-claude/skills/tailwind-patterns/SKILL.md
threat-modeling-expert,"Expert in threat modeling methodologies, security architecture review, and risk assessment. Masters STRIDE, PASTA, attack trees, and security requirement extraction. Use PROACTIVELY for security architecture reviews, threat identification, or building secure-by-design systems.",lib/sickn33-antigravity-awesome-skills/plugins/antigravity-awesome-skills-claude/skills/threat-modeling-expert/SKILL.md
tracking-threat-actor-infrastructure,"Threat actor infrastructure tracking involves monitoring and mapping adversary-controlled assets including command-and-control (C2) servers, phishing domains, exploit kit hosts, bulletproof hosting, a",lib/mukul975-anthropic-cybersecurity-skills/skills/tracking-threat-actor-infrastructure/SKILL.md
user-journeys,"User experience flows - journey mapping, UX validation, error recovery",lib/alinaqi-claude-bootstrap/skills/user-journeys/SKILL.md
uv-package-manager,"Comprehensive guide to using uv, an extremely fast Python package installer and resolver written in Rust, for modern Python project management and dependency workflows.",lib/sickn33-antigravity-awesome-skills/plugins/antigravity-awesome-skills-claude/skills/uv-package-manager/SKILL.md
vulnerability-scanner,"Advanced vulnerability analysis principles. OWASP 2025, Supply Chain Security, attack surface mapping, risk prioritization.",lib/sickn33-antigravity-awesome-skills/plugins/antigravity-awesome-skills-claude/skills/vulnerability-scanner/SKILL.md
wasm-constraints,wasm constraints,lib/kreuzberg-dev-kreuzberg/.ai-rulez/skills/wasm-constraints/SKILL.md
wendy-lite,"Expert guidance on building WASM apps for Wendy Lite MCU firmware on ESP32-C6. Use when developers mention: (1) Wendy Lite or wendy-lite, (2) WASM apps on ESP32 or microcontrollers, (3) WendyLite Swift package or import WendyLite, (4) building C/Rust/Swift/Zig apps for ESP32, (5) WAMR runtime on embedded devices, (6) GPIO/I2C/SPI/UART/NeoPixel from WASM, (7) Embedded Swift on WASM or wasm32-none-none-wasm, (8) BLE provisioning on ESP32-C6, (9) uploading WASM binaries to MCU, (10) TLS/networking on ESP32 from Swift.",lib/joannis-claude-skills/wendy-lite/SKILL.md
zeroize-audit,"Detects missing zeroization of sensitive data in source code and identifies zeroization removed by compiler optimizations, with assembly-level analysis, and control-flow verification. Use for auditing C/C++/Rust code handling secrets, keys, passwords, or other sensitive data.",lib/sickn33-antigravity-awesome-skills/plugins/antigravity-awesome-skills-claude/skills/zeroize-audit/SKILL.md
